INSERT INTO USER (ENABLED, FIRST_NAME, LAST_NAME, PASSWORD, USERNAME, EMAIL, CREATE_DATE, UPDATE_DATE) VALUES(TRUE, 'Andrea', 'Mussmann', '$2y$09$6uAsej13d7MvlTq419WTu.0KCjpttbJ.WIrfdRufSiqHO63xbRhmC', 'amuss', 'a.mussmann@swa.at', CURRENT_TIMESTAMP , CURRENT_TIMESTAMP)
INSERT INTO USER (ENABLED, FIRST_NAME, LAST_NAME, PASSWORD, USERNAME, EMAIL, CREATE_DATE, UPDATE_DATE) VALUES(TRUE, 'Clemens', 'Sauerwein', '$2y$09$6uAsej13d7MvlTq419WTu.0KCjpttbJ.WIrfdRufSiqHO63xbRhmC', 'csauer', 'c.sauerwein@swa.at', CURRENT_TIMESTAMP , CURRENT_TIMESTAMP)
INSERT INTO USER (ENABLED, FIRST_NAME, LAST_NAME, PASSWORD, USERNAME, EMAIL, CREATE_DATE, UPDATE_DATE) VALUES(TRUE, 'Simon', 'Priller', '$2y$09$6uAsej13d7MvlTq419WTu.0KCjpttbJ.WIrfdRufSiqHO63xbRhmC', 'sprill', 's.priller@swa.at', CURRENT_TIMESTAMP , CURRENT_TIMESTAMP)
INSERT INTO USER (ENABLED, FIRST_NAME, LAST_NAME, PASSWORD, USERNAME, EMAIL, CREATE_DATE, UPDATE_DATE) VALUES(TRUE, 'Michael', 'Felderer', '$2y$09$6uAsej13d7MvlTq419WTu.0KCjpttbJ.WIrfdRufSiqHO63xbRhmC', 'mfeld', 'm.felderer@swa.at', CURRENT_TIMESTAMP , CURRENT_TIMESTAMP)
INSERT INTO USER (ENABLED, FIRST_NAME, LAST_NAME, PASSWORD, USERNAME, EMAIL, CREATE_DATE, UPDATE_DATE) VALUES(TRUE, 'Lukas', 'Kaltenbrunner', '$2y$09$6uAsej13d7MvlTq419WTu.0KCjpttbJ.WIrfdRufSiqHO63xbRhmC', 'lkalt', 'l.kaltenbrunner@swa.at', CURRENT_TIMESTAMP , CURRENT_TIMESTAMP)
INSERT INTO USER (ENABLED, FIRST_NAME, LAST_NAME, PASSWORD, USERNAME, EMAIL, CREATE_DATE, UPDATE_DATE) VALUES(TRUE, 'Customer2', 'Demo', '$2y$09$6uAsej13d7MvlTq419WTu.0KCjpttbJ.WIrfdRufSiqHO63xbRhmC', 'customer2', '-', CURRENT_TIMESTAMP , CURRENT_TIMESTAMP)
INSERT INTO USER_USER_ROLE (USER_USERNAME, ROLES) VALUES ('amuss', 'ADMIN')
INSERT INTO USER_USER_ROLE (USER_USERNAME, ROLES) VALUES ('csauer', 'CUSTOMER')
INSERT INTO USER_USER_ROLE (USER_USERNAME, ROLES) VALUES ('sprill', 'LIBRARIAN')
INSERT INTO USER_USER_ROLE (USER_USERNAME, ROLES) VALUES ('mfeld', 'CUSTOMER')
INSERT INTO USER_USER_ROLE (USER_USERNAME, ROLES) VALUES ('lkalt', 'CUSTOMER')
INSERT INTO USER_USER_ROLE (USER_USERNAME, ROLES) VALUES ('customer2', 'CUSTOMER')

INSERT INTO MEDIA(MEDIAID, TITLE, PUBLISHING_YEAR, LANGUAGE, TOTAL_AVAIL, CUR_BORROWED, MEDIA_TYPE) VALUES (1, '20.000 Meilen unter dem Meer', 2017, 'DE', 4, 0, 'BOOK')
INSERT INTO BOOK(MEDIAID, AUTHOR, ISBN) VALUES (1, 'Jules Vernes', '978-3-957-28045-9')
INSERT INTO MEDIA (MEDIAID, TITLE, PUBLISHING_YEAR, LANGUAGE, TOTAL_AVAIL, CUR_BORROWED, MEDIA_TYPE) VALUES (2, '20.000 Meilen unter dem Meer', 2009, 'DE', 20, 0, 'AUDIOBOOK')
INSERT INTO AUDIO_BOOK (MEDIAID, AUTHOR, ISBN, LENGTH, SPEAKER) VALUES (2, 'Jules Vernes', '978-3-898-13905-2', 2640, 'Peter G. Hubler')
INSERT INTO MEDIA(MEDIAID, TITLE, PUBLISHING_YEAR, LANGUAGE, TOTAL_AVAIL, CUR_BORROWED, MEDIA_TYPE) VALUES (3, 'Playboy', '2009', 'DE', 14, 1, 'MAGAZINE')
INSERT INTO MAGAZINE(MEDIAID, SERIES) VALUES (3, 'Monthly Playboy')
INSERT INTO MEDIA(MEDIAID, TITLE, PUBLISHING_YEAR, LANGUAGE, TOTAL_AVAIL, CUR_BORROWED, MEDIA_TYPE) VALUES (4, 'The Silicon Valley Story', 1999, 'EN', 6, 0, 'VIDEO')
INSERT INTO VIDEO(MEDIAID, LENGTH) VALUES (4,5580)
INSERT INTO MEDIA(MEDIAID, TITLE, PUBLISHING_YEAR, LANGUAGE, TOTAL_AVAIL, CUR_BORROWED, MEDIA_TYPE) VALUES (5, 'Pride and Prejudice', 2017, 'EN', 5, 3, 'BOOK')
INSERT INTO BOOK(MEDIAID, AUTHOR, ISBN) VALUES (5, 'Jane Austen', '978-1-542-04748-7')
INSERT INTO MEDIA(MEDIAID, TITLE, PUBLISHING_YEAR, LANGUAGE, TOTAL_AVAIL, CUR_BORROWED, MEDIA_TYPE) VALUES (6, 'Pride and Prejudice', 2006, 'EN', 2, 2, 'AUDIOBOOK')
INSERT INTO AUDIO_BOOK(MEDIAID, AUTHOR, ISBN, LENGTH, SPEAKER) VALUES (6, 'Jane Austen', '978-3-865-05501-9', 39480, 'Sharon Williams')
INSERT INTO MEDIA(MEDIAID, TITLE, PUBLISHING_YEAR, LANGUAGE, TOTAL_AVAIL, CUR_BORROWED, MEDIA_TYPE) VALUES (7, 'Pride and Prejudice', 2005, 'EN', 6, 2, 'VIDEO')
INSERT INTO VIDEO(MEDIAID, LENGTH) VALUES (7, 7260)
INSERT INTO MEDIA(MEDIAID, TITLE, PUBLISHING_YEAR, LANGUAGE, TOTAL_AVAIL, CUR_BORROWED, MEDIA_TYPE) VALUES (8, 'Musica', 2002, 'IT', 4, 1, 'MAGAZINE')
INSERT INTO MAGAZINE(MEDIAID, SERIES) VALUES (8, 'Monthly Musica')
INSERT INTO MEDIA(MEDIAID, TITLE, PUBLISHING_YEAR, LANGUAGE, TOTAL_AVAIL, CUR_BORROWED, MEDIA_TYPE) VALUES (9, 'Taxi 2', 2000, 'FR', 3, 0, 'VIDEO')
INSERT INTO VIDEO(MEDIAID, LENGTH) VALUES (9, 5100)
INSERT INTO MEDIA(MEDIAID, TITLE, PUBLISHING_YEAR, LANGUAGE, TOTAL_AVAIL, CUR_BORROWED, MEDIA_TYPE) VALUES (10, 'La vita è bella', 1997, 'IT', 5, 1, 'VIDEO')
INSERT INTO VIDEO(MEDIAID, LENGTH) VALUES (10, 6960)
INSERT INTO MEDIA(MEDIAID, TITLE, PUBLISHING_YEAR, LANGUAGE, TOTAL_AVAIL, CUR_BORROWED, MEDIA_TYPE) VALUES (11, 'Batman Begins', 2005, 'EN', 12, 0, 'VIDEO')
INSERT INTO VIDEO(MEDIAID, LENGTH) VALUES (11, 8400)
INSERT INTO MEDIA(MEDIAID, TITLE, PUBLISHING_YEAR, LANGUAGE, TOTAL_AVAIL, CUR_BORROWED, MEDIA_TYPE) VALUES (12, 'Deadpool', 2016, 'DE', 8, 0, 'VIDEO')
INSERT INTO VIDEO(MEDIAID, LENGTH) VALUES (12, 6540)
INSERT INTO MEDIA(MEDIAID, TITLE, PUBLISHING_YEAR, LANGUAGE, TOTAL_AVAIL, CUR_BORROWED, MEDIA_TYPE) VALUES (13, 'A Promised Land', 2020, 'EN', 9, 0, 'AUDIOBOOK')
INSERT INTO AUDIO_BOOK(MEDIAID, AUTHOR, ISBN, LENGTH, SPEAKER) VALUES (13, 'Barack Obama', '978-0-525-63371-6', 105000, 'Barack Obama')
INSERT INTO MEDIA(MEDIAID, TITLE, PUBLISHING_YEAR, LANGUAGE, TOTAL_AVAIL, CUR_BORROWED, MEDIA_TYPE) VALUES (14, 'Harry Potter und der Stein der Weisen', 2011, 'DE', 6, 0, 'AUDIOBOOK')
INSERT INTO AUDIO_BOOK(MEDIAID, AUTHOR, ISBN, LENGTH, SPEAKER) VALUES (14, 'J.K. Rowling', '978-0-525-63371-6', 35520, 'Rufus Beck')
INSERT INTO MEDIA(MEDIAID, TITLE, PUBLISHING_YEAR, LANGUAGE, TOTAL_AVAIL, CUR_BORROWED, MEDIA_TYPE) VALUES (15, 'Oliver Twist', 2018, 'IT', 8, 0, 'AUDIOBOOK')
INSERT INTO AUDIO_BOOK(MEDIAID, AUTHOR, ISBN, LENGTH, SPEAKER) VALUES (15, 'Charles Dickens', '978-8-869-86296-0', 72840, 'Tommaso Ragno')
INSERT INTO MEDIA(MEDIAID, TITLE, PUBLISHING_YEAR, LANGUAGE, TOTAL_AVAIL, CUR_BORROWED, MEDIA_TYPE) VALUES (16, 'Ein verheißenes Land', 2020, 'DE', 15, 0, 'BOOK')
INSERT INTO BOOK(MEDIAID, AUTHOR, ISBN) VALUES (16, 'Barack Obama', '978-3-328-60062-6')
INSERT INTO MEDIA(MEDIAID, TITLE, PUBLISHING_YEAR, LANGUAGE, TOTAL_AVAIL, CUR_BORROWED, MEDIA_TYPE) VALUES (17, 'Becoming', 2018, 'EN', 13, 0, 'BOOK')
INSERT INTO BOOK(MEDIAID, AUTHOR, ISBN) VALUES (17, 'Michelle Obama', '978-1-524-76313-8')
INSERT INTO MEDIA(MEDIAID, TITLE, PUBLISHING_YEAR, LANGUAGE, TOTAL_AVAIL, CUR_BORROWED, MEDIA_TYPE) VALUES (18, 'Libro', 2016, 'IT', 4, 0, 'BOOK')
INSERT INTO BOOK(MEDIAID, AUTHOR, ISBN) VALUES (18, 'Maccio Capatonda', '978-8-891-82893-4')
INSERT INTO MEDIA(MEDIAID, TITLE, PUBLISHING_YEAR, LANGUAGE, TOTAL_AVAIL, CUR_BORROWED, MEDIA_TYPE) VALUES (19, 'Le règne des Illuminati', 2015, 'FR', 8, 0, 'BOOK')
INSERT INTO BOOK(MEDIAID, AUTHOR, ISBN) VALUES (19, 'Giacometti Ravenne', '978-2-266-25957-6')
INSERT INTO MEDIA(MEDIAID, TITLE, PUBLISHING_YEAR, LANGUAGE, TOTAL_AVAIL, CUR_BORROWED, MEDIA_TYPE) VALUES (20, 'Duden', 1989, 'DE', 100, 0, 'BOOK')
INSERT INTO BOOK(MEDIAID, AUTHOR, ISBN) VALUES (20, 'Dudenverlag', '978-3-411-02176-5')

INSERT INTO BORROWED(BORROWID, BORROW_DATE, MEDIA_MEDIAID, USER_USERNAME) VALUES (1, '2020-12-16', 3, 'csauer')
INSERT INTO BORROWED(BORROWID, BORROW_DATE, MEDIA_MEDIAID, USER_USERNAME) VALUES (2, '2021-1-18', 5, 'csauer')
INSERT INTO BORROWED(BORROWID, BORROW_DATE, MEDIA_MEDIAID, USER_USERNAME) VALUES (3, '2021-1-18', 6, 'csauer')
INSERT INTO BORROWED(BORROWID, BORROW_DATE, MEDIA_MEDIAID, USER_USERNAME) VALUES (4, '2021-1-18', 10, 'csauer')
INSERT INTO BORROWED(BORROWID, BORROW_DATE, MEDIA_MEDIAID, USER_USERNAME) VALUES (5, '2021-1-14', 5, 'lkalt')
INSERT INTO BORROWED(BORROWID, BORROW_DATE, MEDIA_MEDIAID, USER_USERNAME) VALUES (6, '2021-1-15', 6, 'lkalt')
INSERT INTO BORROWED(BORROWID, BORROW_DATE, MEDIA_MEDIAID, USER_USERNAME) VALUES (7, '2021-1-19', 7, 'lkalt')
INSERT INTO BORROWED(BORROWID, BORROW_DATE, MEDIA_MEDIAID, USER_USERNAME) VALUES (8, '2021-1-20', 8, 'lkalt')
INSERT INTO BORROWED(BORROWID, BORROW_DATE, MEDIA_MEDIAID, USER_USERNAME) VALUES (9, '2021-1-21', 5, 'mfeld')
INSERT INTO BORROWED(BORROWID, BORROW_DATE, MEDIA_MEDIAID, USER_USERNAME) VALUES (10, '2021-1-21', 7, 'mfeld')

INSERT INTO RESERVED(RESERVEDID, RESERVE_TIME, MEDIA_MEDIAID, USER_USERNAME) VALUES (2, '2020-12-14 18:36:14.1', 6, 'mfeld')
INSERT INTO RESERVED(RESERVEDID, RESERVE_TIME, MEDIA_MEDIAID, USER_USERNAME) VALUES (3, '2020-12-14 18:36:14.1', 6, 'lkalt')
INSERT INTO RESERVED(RESERVEDID, RESERVE_TIME, MEDIA_MEDIAID, USER_USERNAME) VALUES (4, '2020-12-14 18:36:14.1', 6, 'csauer')

INSERT INTO BOOKMARK(BOOKMARKID, MEDIA_MEDIAID, USER_USERNAME) VALUES (1, 2, 'csauer')
INSERT INTO BOOKMARK(BOOKMARKID, MEDIA_MEDIAID, USER_USERNAME) VALUES (2, 7, 'csauer')
INSERT INTO BOOKMARK(BOOKMARKID, MEDIA_MEDIAID, USER_USERNAME) VALUES (3, 8, 'csauer')
INSERT INTO BOOKMARK(BOOKMARKID, MEDIA_MEDIAID, USER_USERNAME) VALUES (4, 1, 'lkalt')
INSERT INTO BOOKMARK(BOOKMARKID, MEDIA_MEDIAID, USER_USERNAME) VALUES (6, 9, 'lkalt')
INSERT INTO BOOKMARK(BOOKMARKID, MEDIA_MEDIAID, USER_USERNAME) VALUES (7, 2, 'mfeld')
INSERT INTO BOOKMARK(BOOKMARKID, MEDIA_MEDIAID, USER_USERNAME) VALUES (8, 4, 'mfeld')
INSERT INTO BOOKMARK(BOOKMARKID, MEDIA_MEDIAID, USER_USERNAME) VALUES (9, 6, 'mfeld')
INSERT INTO BOOKMARK(BOOKMARKID, MEDIA_MEDIAID, USER_USERNAME) VALUES (10, 4, 'lkalt')

INSERT INTO MEDIA_BORROW_TIME(MEDIA_TYPE, ALLOWED_BORROW_TIME) VALUES ('VIDEO', 7)
INSERT INTO MEDIA_BORROW_TIME(MEDIA_TYPE, ALLOWED_BORROW_TIME) VALUES ('BOOK', 21)
INSERT INTO MEDIA_BORROW_TIME(MEDIA_TYPE, ALLOWED_BORROW_TIME) VALUES ('AUDIOBOOK', 14)
INSERT INTO MEDIA_BORROW_TIME(MEDIA_TYPE, ALLOWED_BORROW_TIME) VALUES ('MAGAZINE', 14)
